{
  "canvas": {
    "width": 2000,
    "height": 2000,
    "scrollTop": 202,
    "scrollLeft": 315,
    "show": {
      "tableComment": false,
      "columnComment": false,
      "columnDataType": true,
      "columnDefault": true,
      "columnAutoIncrement": true,
      "columnPrimaryKey": true,
      "columnUnique": true,
      "columnNotNull": true,
      "relationship": true
    },
    "database": "MySQL",
    "databaseName": "",
    "canvasType": "ERD",
    "language": "GraphQL",
    "tableCase": "pascalCase",
    "columnCase": "camelCase",
    "setting": {
      "relationshipDataTypeSync": true,
      "columnOrder": [
        "columnName",
        "columnDataType",
        "columnNotNull",
        "columnUnique",
        "columnAutoIncrement",
        "columnDefault",
        "columnComment"
      ]
    }
  },
  "table": {
    "tables": [
      {
        "name": "notice",
        "comment": "",
        "columns": [
          {
            "id": "ba6236a1-1ba2-66aa-a1ea-1a5462932a2f",
            "name": "no",
            "comment": "AUTO_Increment",
            "dataType": "INT",
            "default": "",
            "option": {
              "autoIncrement": true,
              "primaryKey": true,
              "unique": false,
              "notNull": true
            },
            "ui": {
              "active": false,
              "pk": true,
              "fk": false,
              "pfk": false,
              "widthName": 60,
              "widthComment": 101,
              "widthDataType": 60,
              "widthDefault": 60
            }
          },
          {
            "id": "361768bf-1bce-5d19-eb22-4a370378d5b4",
            "name": "title",
            "comment": "",
            "dataType": "VARCHAR(60)",
            "default": "",
            "option": {
              "autoIncrement": false,
              "primaryKey": false,
              "unique": false,
              "notNull": true
            },
            "ui": {
              "active": false,
              "pk": false,
              "fk": false,
              "pfk": false,
              "widthName": 60,
              "widthComment": 60,
              "widthDataType": 83,
              "widthDefault": 60
            }
          },
          {
            "id": "afb0a322-a05b-27ac-5bba-56e6ad5d0d24",
            "name": "content",
            "comment": "",
            "dataType": "TEXT",
            "default": "",
            "option": {
              "autoIncrement": false,
              "primaryKey": false,
              "unique": false,
              "notNull": true
            },
            "ui": {
              "active": false,
              "pk": false,
              "fk": false,
              "pfk": false,
              "widthName": 60,
              "widthComment": 60,
              "widthDataType": 60,
              "widthDefault": 60
            }
          },
          {
            "id": "eced01cb-83ac-d448-53ea-0cbbcfe946aa",
            "name": "startDate",
            "comment": "",
            "dataType": "DATE",
            "default": "",
            "option": {
              "autoIncrement": false,
              "primaryKey": false,
              "unique": false,
              "notNull": true
            },
            "ui": {
              "active": false,
              "pk": false,
              "fk": false,
              "pfk": false,
              "widthName": 60,
              "widthComment": 60,
              "widthDataType": 60,
              "widthDefault": 60
            }
          },
          {
            "id": "17fc82d5-7f54-0d88-4665-6d02698e7a91",
            "name": "endDate",
            "comment": "",
            "dataType": "DATE",
            "default": "",
            "option": {
              "autoIncrement": false,
              "primaryKey": false,
              "unique": false,
              "notNull": true
            },
            "ui": {
              "active": false,
              "pk": false,
              "fk": false,
              "pfk": false,
              "widthName": 60,
              "widthComment": 60,
              "widthDataType": 60,
              "widthDefault": 60
            }
          }
        ],
        "ui": {
          "active": false,
          "left": 79.39999999999979,
          "top": 147.39999999999998,
          "zIndex": 906,
          "widthName": 60,
          "widthComment": 60
        },
        "id": "bd3086ee-6870-e1d7-4e71-7cccd0b2769a"
      },
      {
        "name": "menu",
        "comment": "",
        "columns": [
          {
            "id": "b9bb7e07-841b-e024-1f2a-8881727d8b1c",
            "name": "no",
            "comment": "",
            "dataType": "INT",
            "default": "",
            "option": {
              "autoIncrement": true,
              "primaryKey": true,
              "unique": false,
              "notNull": true
            },
            "ui": {
              "active": false,
              "pk": true,
              "fk": false,
              "pfk": false,
              "widthName": 60,
              "widthComment": 60,
              "widthDataType": 60,
              "widthDefault": 60
            }
          },
          {
            "id": "3ad78e5a-21f3-0a90-d916-769851675d11",
            "name": "menuName",
            "comment": "",
            "dataType": "VARCHAR(30)",
            "default": "",
            "option": {
              "autoIncrement": false,
              "primaryKey": false,
              "unique": false,
              "notNull": true
            },
            "ui": {
              "active": false,
              "pk": false,
              "fk": false,
              "pfk": false,
              "widthName": 71,
              "widthComment": 60,
              "widthDataType": 83,
              "widthDefault": 60
            }
          },
          {
            "id": "26b62258-c108-6952-c273-d3d1a06d6b2d",
            "name": "menuCategory",
            "comment": "",
            "dataType": "VARCHAR(30)",
            "default": "",
            "option": {
              "autoIncrement": false,
              "primaryKey": false,
              "unique": false,
              "notNull": true
            },
            "ui": {
              "active": false,
              "pk": false,
              "fk": false,
              "pfk": false,
              "widthName": 88,
              "widthComment": 60,
              "widthDataType": 83,
              "widthDefault": 60
            }
          },
          {
            "id": "ac5b4de4-e1e4-5667-d0af-3e375842da02",
            "name": "menuEx",
            "comment": "",
            "dataType": "VARCHAR(200)",
            "default": "",
            "option": {
              "autoIncrement": false,
              "primaryKey": false,
              "unique": false,
              "notNull": false
            },
            "ui": {
              "active": false,
              "pk": false,
              "fk": false,
              "pfk": false,
              "widthName": 60,
              "widthComment": 60,
              "widthDataType": 90,
              "widthDefault": 60
            }
          },
          {
            "id": "2861adec-e1d7-b674-157b-7a286616033b",
            "name": "menuPrice",
            "comment": "",
            "dataType": "INT",
            "default": "",
            "option": {
              "autoIncrement": false,
              "primaryKey": false,
              "unique": false,
              "notNull": true
            },
            "ui": {
              "active": false,
              "pk": false,
              "fk": false,
              "pfk": false,
              "widthName": 64,
              "widthComment": 60,
              "widthDataType": 60,
              "widthDefault": 60
            }
          },
          {
            "id": "0f4e2f6d-62c2-112a-b0c9-86380e2f0a07",
            "name": "menuStatus",
            "comment": "",
            "dataType": "INT",
            "default": "0",
            "option": {
              "autoIncrement": false,
              "primaryKey": false,
              "unique": false,
              "notNull": true
            },
            "ui": {
              "active": false,
              "pk": false,
              "fk": false,
              "pfk": false,
              "widthName": 72,
              "widthComment": 60,
              "widthDataType": 60,
              "widthDefault": 60
            }
          },
          {
            "name": "shop_no",
            "comment": "",
            "dataType": "INT",
            "default": "",
            "option": {
              "autoIncrement": false,
              "primaryKey": false,
              "unique": false,
              "notNull": true
            },
            "ui": {
              "active": false,
              "pk": false,
              "fk": true,
              "pfk": false,
              "widthName": 60,
              "widthComment": 60,
              "widthDataType": 60,
              "widthDefault": 60
            },
            "id": "2baf645e-31ae-3d24-dbd3-cb4c8ba56260"
          }
        ],
        "ui": {
          "active": false,
          "left": 781.1999999999989,
          "top": 576.0000000000034,
          "zIndex": 903,
          "widthName": 60,
          "widthComment": 60
        },
        "id": "5e83a96f-a1f4-fe36-60f0-9fb6c2385db6"
      },
      {
        "name": "review",
        "comment": "",
        "columns": [
          {
            "id": "6cb7b244-bf41-3b4c-8cd5-ad9650f61d69",
            "name": "no",
            "comment": "AUTO_Increment",
            "dataType": "INT",
            "default": "",
            "option": {
              "autoIncrement": true,
              "primaryKey": true,
              "unique": false,
              "notNull": true
            },
            "ui": {
              "active": false,
              "pk": true,
              "fk": false,
              "pfk": false,
              "widthName": 60,
              "widthComment": 101,
              "widthDataType": 60,
              "widthDefault": 60
            }
          },
          {
            "id": "02ad2595-94f0-731c-dafe-1cfc6c664d27",
            "name": "content",
            "comment": "",
            "dataType": "VARCHAR(60)",
            "default": "",
            "option": {
              "autoIncrement": false,
              "primaryKey": false,
              "unique": false,
              "notNull": true
            },
            "ui": {
              "active": false,
              "pk": false,
              "fk": false,
              "pfk": false,
              "widthName": 60,
              "widthComment": 60,
              "widthDataType": 83,
              "widthDefault": 60
            }
          },
          {
            "id": "8cd161bd-0f06-362a-c39a-33f9c34b3d55",
            "name": "rank",
            "comment": "",
            "dataType": "INT",
            "default": "",
            "option": {
              "autoIncrement": false,
              "primaryKey": false,
              "unique": false,
              "notNull": true
            },
            "ui": {
              "active": false,
              "pk": false,
              "fk": false,
              "pfk": false,
              "widthName": 60,
              "widthComment": 60,
              "widthDataType": 60,
              "widthDefault": 60
            }
          },
          {
            "id": "b03cf4a8-7b32-e04e-e52b-2f82032f4b1e",
            "name": "regDate",
            "comment": "",
            "dataType": "DATETIME",
            "default": "",
            "option": {
              "autoIncrement": false,
              "primaryKey": false,
              "unique": false,
              "notNull": true
            },
            "ui": {
              "active": false,
              "pk": false,
              "fk": false,
              "pfk": false,
              "widthName": 60,
              "widthComment": 60,
              "widthDataType": 63,
              "widthDefault": 60
            }
          },
          {
            "name": "shop_no",
            "comment": "",
            "dataType": "INT",
            "default": "",
            "option": {
              "autoIncrement": false,
              "primaryKey": false,
              "unique": false,
              "notNull": true
            },
            "ui": {
              "active": false,
              "pk": false,
              "fk": true,
              "pfk": false,
              "widthName": 60,
              "widthComment": 60,
              "widthDataType": 60,
              "widthDefault": 60
            },
            "id": "83cacf61-8ae0-a0f2-1eda-64702a2c0eb8"
          },
          {
            "name": "member_no",
            "comment": "",
            "dataType": "INT",
            "default": "",
            "option": {
              "autoIncrement": false,
              "primaryKey": false,
              "unique": false,
              "notNull": true
            },
            "ui": {
              "active": false,
              "pk": false,
              "fk": true,
              "pfk": false,
              "widthName": 72,
              "widthComment": 60,
              "widthDataType": 60,
              "widthDefault": 60
            },
            "id": "3aac0229-f0d9-c886-df02-e2d207cd28bb"
          }
        ],
        "ui": {
          "active": false,
          "left": 780.800000000002,
          "top": 800.3999999999984,
          "zIndex": 901,
          "widthName": 60,
          "widthComment": 60
        },
        "id": "ecdfc8d1-fcdb-f780-e773-4afd021128b1"
      },
      {
        "name": "shop",
        "comment": "",
        "columns": [
          {
            "id": "9245225e-871e-79fa-a47c-e1fc8297a33b",
            "name": "no",
            "comment": "",
            "dataType": "INT",
            "default": "",
            "option": {
              "autoIncrement": true,
              "primaryKey": true,
              "unique": false,
              "notNull": true
            },
            "ui": {
              "active": false,
              "pk": true,
              "fk": false,
              "pfk": false,
              "widthName": 60,
              "widthComment": 60,
              "widthDataType": 60,
              "widthDefault": 60
            }
          },
          {
            "name": "id",
            "comment": "",
            "dataType": "VARCHAR(20)",
            "default": "",
            "option": {
              "autoIncrement": false,
              "primaryKey": false,
              "unique": true,
              "notNull": true
            },
            "ui": {
              "active": false,
              "pk": false,
              "fk": false,
              "pfk": false,
              "widthName": 60,
              "widthComment": 60,
              "widthDataType": 83,
              "widthDefault": 60
            },
            "id": "94a9dc98-5bff-a795-f1b1-00db41ddf35e"
          },
          {
            "name": "pw",
            "comment": "",
            "dataType": "VARCHAR(20)",
            "default": "",
            "option": {
              "autoIncrement": false,
              "primaryKey": false,
              "unique": false,
              "notNull": true
            },
            "ui": {
              "active": false,
              "pk": false,
              "fk": false,
              "pfk": false,
              "widthName": 60,
              "widthComment": 60,
              "widthDataType": 83,
              "widthDefault": 60
            },
            "id": "41ded23b-7ea9-28b9-a359-94bf0bb846dc"
          },
          {
            "id": "8a958b6b-56e4-fa50-67c8-43637a5cb86d",
            "name": "shopName",
            "comment": "",
            "dataType": "VARCHAR(30)",
            "default": "",
            "option": {
              "autoIncrement": false,
              "primaryKey": false,
              "unique": false,
              "notNull": true
            },
            "ui": {
              "active": false,
              "pk": false,
              "fk": false,
              "pfk": false,
              "widthName": 66,
              "widthComment": 60,
              "widthDataType": 83,
              "widthDefault": 60
            }
          },
          {
            "id": "d838fa63-50c3-345b-0e05-4bb36aebd9d5",
            "name": "shopCategory",
            "comment": "",
            "dataType": "VARCHAR(60)",
            "default": "",
            "option": {
              "autoIncrement": false,
              "primaryKey": false,
              "unique": false,
              "notNull": true
            },
            "ui": {
              "active": false,
              "pk": false,
              "fk": false,
              "pfk": false,
              "widthName": 84,
              "widthComment": 60,
              "widthDataType": 83,
              "widthDefault": 60
            }
          },
          {
            "id": "db04e232-69da-566f-2033-a1e255087b28",
            "name": "shopEx",
            "comment": "",
            "dataType": "TEXT",
            "default": "",
            "option": {
              "autoIncrement": false,
              "primaryKey": false,
              "unique": false,
              "notNull": false
            },
            "ui": {
              "active": false,
              "pk": false,
              "fk": false,
              "pfk": false,
              "widthName": 60,
              "widthComment": 60,
              "widthDataType": 60,
              "widthDefault": 60
            }
          },
          {
            "id": "1fe35391-fa4e-53f8-9af9-aedba7038c8b",
            "name": "shopAddr",
            "comment": "",
            "dataType": "VARCHAR(90)",
            "default": "",
            "option": {
              "autoIncrement": false,
              "primaryKey": false,
              "unique": false,
              "notNull": true
            },
            "ui": {
              "active": false,
              "pk": false,
              "fk": false,
              "pfk": false,
              "widthName": 60,
              "widthComment": 60,
              "widthDataType": 83,
              "widthDefault": 60
            }
          },
          {
            "id": "2a002ef2-c57f-5551-dfbb-42aa52550509",
            "name": "shopAddr2",
            "comment": "",
            "dataType": "VARCHAR(90)",
            "default": "",
            "option": {
              "autoIncrement": false,
              "primaryKey": false,
              "unique": false,
              "notNull": false
            },
            "ui": {
              "active": false,
              "pk": false,
              "fk": false,
              "pfk": false,
              "widthName": 67,
              "widthComment": 60,
              "widthDataType": 83,
              "widthDefault": 60
            }
          },
          {
            "id": "b1eeb72e-974c-20ae-0d75-3b2f427e2a35",
            "name": "shopTel",
            "comment": "",
            "dataType": "VARCHAR(20)",
            "default": "",
            "option": {
              "autoIncrement": false,
              "primaryKey": false,
              "unique": false,
              "notNull": true
            },
            "ui": {
              "active": false,
              "pk": false,
              "fk": false,
              "pfk": false,
              "widthName": 60,
              "widthComment": 60,
              "widthDataType": 83,
              "widthDefault": 60
            }
          },
          {
            "id": "465ee629-b449-c365-1cec-5837a1aa99e8",
            "name": "shopX",
            "comment": "",
            "dataType": "DOUBLE",
            "default": "",
            "option": {
              "autoIncrement": false,
              "primaryKey": false,
              "unique": false,
              "notNull": true
            },
            "ui": {
              "active": false,
              "pk": false,
              "fk": false,
              "pfk": false,
              "widthName": 60,
              "widthComment": 60,
              "widthDataType": 60,
              "widthDefault": 60
            }
          },
          {
            "id": "75e114b5-093b-4925-2870-d021ab5d2f65",
            "name": "shopY",
            "comment": "",
            "dataType": "DOUBLE",
            "default": "",
            "option": {
              "autoIncrement": false,
              "primaryKey": false,
              "unique": false,
              "notNull": true
            },
            "ui": {
              "active": false,
              "pk": false,
              "fk": false,
              "pfk": false,
              "widthName": 60,
              "widthComment": 60,
              "widthDataType": 60,
              "widthDefault": 60
            }
          },
          {
            "id": "0c2128a1-dd0b-88a0-7a48-9d27c997a30f",
            "name": "shopStatus",
            "comment": "",
            "dataType": "INT",
            "default": "0",
            "option": {
              "autoIncrement": false,
              "primaryKey": false,
              "unique": false,
              "notNull": true
            },
            "ui": {
              "active": false,
              "pk": false,
              "fk": false,
              "pfk": false,
              "widthName": 67,
              "widthComment": 60,
              "widthDataType": 60,
              "widthDefault": 60
            }
          },
          {
            "name": "regDate",
            "comment": "",
            "dataType": "DATETIME",
            "default": "",
            "option": {
              "autoIncrement": false,
              "primaryKey": false,
              "unique": false,
              "notNull": true
            },
            "ui": {
              "active": false,
              "pk": false,
              "fk": false,
              "pfk": false,
              "widthName": 60,
              "widthComment": 60,
              "widthDataType": 63,
              "widthDefault": 60
            },
            "id": "9ae9f402-7dc9-ec16-89d5-972b8d607445"
          },
          {
            "name": "grade",
            "comment": "",
            "dataType": "INT",
            "default": "2",
            "option": {
              "autoIncrement": false,
              "primaryKey": false,
              "unique": false,
              "notNull": true
            },
            "ui": {
              "active": false,
              "pk": false,
              "fk": false,
              "pfk": false,
              "widthName": 60,
              "widthComment": 60,
              "widthDataType": 60,
              "widthDefault": 60
            },
            "id": "e503e382-95f8-6cc5-bda4-6772797322a7"
          }
        ],
        "ui": {
          "active": false,
          "left": 70.40000000000003,
          "top": 639.799999999999,
          "zIndex": 900,
          "widthName": 60,
          "widthComment": 60
        },
        "id": "2e6bd3ac-2f64-7bf8-4ab8-b6a22400f19c"
      },
      {
        "name": "member",
        "comment": "",
        "columns": [
          {
            "id": "4d3b6f5f-9f16-3871-c1da-14a4ec5346bc",
            "name": "no",
            "comment": "",
            "dataType": "INT",
            "default": "",
            "option": {
              "autoIncrement": true,
              "primaryKey": true,
              "unique": false,
              "notNull": true
            },
            "ui": {
              "active": false,
              "pk": true,
              "fk": false,
              "pfk": false,
              "widthName": 60,
              "widthComment": 60,
              "widthDataType": 60,
              "widthDefault": 60
            }
          },
          {
            "id": "1e6c1dfb-fbe5-e94e-af65-28b670c94de2",
            "name": "id",
            "comment": "",
            "dataType": "VARCHAR(20)",
            "default": "",
            "option": {
              "autoIncrement": false,
              "primaryKey": false,
              "unique": true,
              "notNull": true
            },
            "ui": {
              "active": false,
              "pk": false,
              "fk": false,
              "pfk": false,
              "widthName": 60,
              "widthComment": 60,
              "widthDataType": 83,
              "widthDefault": 60
            }
          },
          {
            "id": "4cfc18f9-a5a4-4c04-41e1-f637386ef8a2",
            "name": "pw",
            "comment": "",
            "dataType": "VARCHAR(20)",
            "default": "",
            "option": {
              "autoIncrement": false,
              "primaryKey": false,
              "unique": false,
              "notNull": true
            },
            "ui": {
              "active": false,
              "pk": false,
              "fk": false,
              "pfk": false,
              "widthName": 60,
              "widthComment": 60,
              "widthDataType": 83,
              "widthDefault": 60
            }
          },
          {
            "id": "65cad659-d394-dbad-2f41-f793a36c04e1",
            "name": "name",
            "comment": "",
            "dataType": "VARCHAR(30)",
            "default": "",
            "option": {
              "autoIncrement": false,
              "primaryKey": false,
              "unique": false,
              "notNull": true
            },
            "ui": {
              "active": false,
              "pk": false,
              "fk": false,
              "pfk": false,
              "widthName": 60,
              "widthComment": 60,
              "widthDataType": 83,
              "widthDefault": 60
            }
          },
          {
            "id": "26281705-c322-55a5-f7e9-0bf5bc100f89",
            "name": "tel",
            "comment": "",
            "dataType": "VARCHAR(20)",
            "default": "",
            "option": {
              "autoIncrement": false,
              "primaryKey": false,
              "unique": false,
              "notNull": true
            },
            "ui": {
              "active": false,
              "pk": false,
              "fk": false,
              "pfk": false,
              "widthName": 60,
              "widthComment": 60,
              "widthDataType": 83,
              "widthDefault": 60
            }
          },
          {
            "id": "daa7fbce-c5a9-576a-77bd-e360e3962ab0",
            "name": "addr",
            "comment": "",
            "dataType": "VARCHAR(90)",
            "default": "",
            "option": {
              "autoIncrement": false,
              "primaryKey": false,
              "unique": false,
              "notNull": true
            },
            "ui": {
              "active": false,
              "pk": false,
              "fk": false,
              "pfk": false,
              "widthName": 60,
              "widthComment": 60,
              "widthDataType": 83,
              "widthDefault": 60
            }
          },
          {
            "id": "3046856a-ac12-624f-cd5e-8b8f5e68f53c",
            "name": "addr2",
            "comment": "",
            "dataType": "VARCHAR(90)",
            "default": "",
            "option": {
              "autoIncrement": false,
              "primaryKey": false,
              "unique": false,
              "notNull": false
            },
            "ui": {
              "active": false,
              "pk": false,
              "fk": false,
              "pfk": false,
              "widthName": 60,
              "widthComment": 60,
              "widthDataType": 83,
              "widthDefault": 60
            }
          },
          {
            "id": "fa27e234-d58a-1da7-a6de-f99f86a03760",
            "name": "regDate",
            "comment": "",
            "dataType": "DATETIME",
            "default": "",
            "option": {
              "autoIncrement": false,
              "primaryKey": false,
              "unique": false,
              "notNull": true
            },
            "ui": {
              "active": false,
              "pk": false,
              "fk": false,
              "pfk": false,
              "widthName": 60,
              "widthComment": 60,
              "widthDataType": 63,
              "widthDefault": 60
            }
          },
          {
            "id": "21521fca-5197-cfd2-2278-77209baaa9a9",
            "name": "memberX",
            "comment": "",
            "dataType": "DOUBLE",
            "default": "",
            "option": {
              "autoIncrement": false,
              "primaryKey": false,
              "unique": false,
              "notNull": true
            },
            "ui": {
              "active": false,
              "pk": false,
              "fk": false,
              "pfk": false,
              "widthName": 60,
              "widthComment": 60,
              "widthDataType": 60,
              "widthDefault": 60
            }
          },
          {
            "id": "dfc7d4d2-b3e0-915f-e32d-79d096c2c98b",
            "name": "memberY",
            "comment": "",
            "dataType": "DOUBLE",
            "default": "",
            "option": {
              "autoIncrement": false,
              "primaryKey": false,
              "unique": false,
              "notNull": true
            },
            "ui": {
              "active": false,
              "pk": false,
              "fk": false,
              "pfk": false,
              "widthName": 60,
              "widthComment": 60,
              "widthDataType": 60,
              "widthDefault": 60
            }
          },
          {
            "name": "grade",
            "comment": "",
            "dataType": "INT",
            "default": "1",
            "option": {
              "autoIncrement": false,
              "primaryKey": false,
              "unique": false,
              "notNull": true
            },
            "ui": {
              "active": false,
              "pk": false,
              "fk": false,
              "pfk": false,
              "widthName": 60,
              "widthComment": 60,
              "widthDataType": 60,
              "widthDefault": 60
            },
            "id": "5c19eeb0-986c-a4a8-2015-6ca13ef97276"
          }
        ],
        "ui": {
          "active": false,
          "left": 72.00000000000014,
          "top": 324.5999999999997,
          "zIndex": 902,
          "widthName": 60,
          "widthComment": 60
        },
        "id": "29e2545d-3436-9b4a-cc2d-32f692fd7045"
      },
      {
        "name": "orderlist",
        "comment": "",
        "columns": [
          {
            "id": "6c1f5541-0358-9de7-e450-16e798cad3b1",
            "name": "no",
            "comment": "AUTO_Increment",
            "dataType": "INT",
            "default": "",
            "option": {
              "autoIncrement": true,
              "primaryKey": true,
              "unique": false,
              "notNull": true
            },
            "ui": {
              "active": false,
              "pk": true,
              "fk": false,
              "pfk": false,
              "widthName": 60,
              "widthComment": 101,
              "widthDataType": 60,
              "widthDefault": 60
            }
          },
          {
            "name": "name",
            "comment": "",
            "dataType": "varchar(30)",
            "default": "",
            "option": {
              "autoIncrement": false,
              "primaryKey": false,
              "unique": false,
              "notNull": true
            },
            "ui": {
              "active": false,
              "pk": false,
              "fk": false,
              "pfk": false,
              "widthName": 60,
              "widthComment": 60,
              "widthDataType": 67,
              "widthDefault": 60
            },
            "id": "a329bf7c-221d-b633-10d6-1f768d1bda53"
          },
          {
            "id": "5cdc96d8-b45e-5a24-a64d-55f0d668e019",
            "name": "orderDate",
            "comment": "",
            "dataType": "DATETIME",
            "default": "",
            "option": {
              "autoIncrement": false,
              "primaryKey": false,
              "unique": false,
              "notNull": true
            },
            "ui": {
              "active": false,
              "pk": false,
              "fk": false,
              "pfk": false,
              "widthName": 61,
              "widthComment": 60,
              "widthDataType": 63,
              "widthDefault": 60
            }
          },
          {
            "id": "efc3f7f1-d75e-bb12-2e61-1aaeff87ff4d",
            "name": "status",
            "comment": "",
            "dataType": "INT",
            "default": "0",
            "option": {
              "autoIncrement": false,
              "primaryKey": false,
              "unique": false,
              "notNull": false
            },
            "ui": {
              "active": false,
              "pk": false,
              "fk": false,
              "pfk": false,
              "widthName": 60,
              "widthComment": 60,
              "widthDataType": 60,
              "widthDefault": 60
            }
          },
          {
            "id": "9d4f1c5c-7245-0477-eadb-30573ae83b5c",
            "name": "completeTime",
            "comment": "",
            "dataType": "DATETIME",
            "default": "",
            "option": {
              "autoIncrement": false,
              "primaryKey": false,
              "unique": false,
              "notNull": false
            },
            "ui": {
              "active": false,
              "pk": false,
              "fk": false,
              "pfk": false,
              "widthName": 85,
              "widthComment": 60,
              "widthDataType": 63,
              "widthDefault": 60
            }
          },
          {
            "id": "ed03b794-dfc9-14c4-e61a-f7c6e9c91ccd",
            "name": "addr",
            "comment": "",
            "dataType": "VARCHAR(90)",
            "default": "",
            "option": {
              "autoIncrement": false,
              "primaryKey": false,
              "unique": false,
              "notNull": true
            },
            "ui": {
              "active": false,
              "pk": false,
              "fk": false,
              "pfk": false,
              "widthName": 60,
              "widthComment": 60,
              "widthDataType": 83,
              "widthDefault": 60
            }
          },
          {
            "id": "62e2f489-4db2-a7fe-30f5-f0d12b273c82",
            "name": "addr2",
            "comment": "",
            "dataType": "VARCHAR(90)",
            "default": "",
            "option": {
              "autoIncrement": false,
              "primaryKey": false,
              "unique": false,
              "notNull": true
            },
            "ui": {
              "active": false,
              "pk": false,
              "fk": false,
              "pfk": false,
              "widthName": 60,
              "widthComment": 60,
              "widthDataType": 83,
              "widthDefault": 60
            }
          },
          {
            "name": "comment",
            "comment": "",
            "dataType": "varchar(90)",
            "default": "",
            "option": {
              "autoIncrement": false,
              "primaryKey": false,
              "unique": false,
              "notNull": false
            },
            "ui": {
              "active": false,
              "pk": false,
              "fk": false,
              "pfk": false,
              "widthName": 60,
              "widthComment": 60,
              "widthDataType": 67,
              "widthDefault": 60
            },
            "id": "edc1fa9b-e8f7-ce6d-2363-f93d9f1e13ca"
          },
          {
            "name": "shop_no",
            "comment": "",
            "dataType": "INT",
            "default": "",
            "option": {
              "autoIncrement": false,
              "primaryKey": false,
              "unique": false,
              "notNull": true
            },
            "ui": {
              "active": false,
              "pk": false,
              "fk": true,
              "pfk": false,
              "widthName": 60,
              "widthComment": 60,
              "widthDataType": 60,
              "widthDefault": 60
            },
            "id": "1932b39a-289a-bf98-781f-412757a87e5b"
          },
          {
            "name": "member_no",
            "comment": "",
            "dataType": "INT",
            "default": "",
            "option": {
              "autoIncrement": false,
              "primaryKey": false,
              "unique": false,
              "notNull": true
            },
            "ui": {
              "active": false,
              "pk": false,
              "fk": true,
              "pfk": false,
              "widthName": 72,
              "widthComment": 60,
              "widthDataType": 60,
              "widthDefault": 60
            },
            "id": "ca4bc7da-98fa-55df-fb9d-2337c8d1a9c7"
          },
          {
            "name": "no2",
            "comment": "",
            "dataType": "INT",
            "default": "",
            "option": {
              "autoIncrement": false,
              "primaryKey": false,
              "unique": false,
              "notNull": false
            },
            "ui": {
              "active": false,
              "pk": false,
              "fk": false,
              "pfk": false,
              "widthName": 60,
              "widthComment": 60,
              "widthDataType": 60,
              "widthDefault": 60
            },
            "id": "7e418cca-e1b3-6a2d-10ba-c43a787738dd"
          }
        ],
        "ui": {
          "active": false,
          "left": 775.0000000000033,
          "top": 264.59999999999866,
          "zIndex": 916,
          "widthName": 60,
          "widthComment": 60
        },
        "id": "d28119d1-30cc-31f9-3fdd-63ce10500b47"
      },
      {
        "name": "Order_cancel",
        "comment": "",
        "columns": [
          {
            "name": "no",
            "comment": "",
            "dataType": "INT",
            "default": "",
            "option": {
              "autoIncrement": true,
              "primaryKey": true,
              "unique": false,
              "notNull": true
            },
            "ui": {
              "active": false,
              "pk": true,
              "fk": false,
              "pfk": false,
              "widthName": 60,
              "widthComment": 60,
              "widthDataType": 60,
              "widthDefault": 60
            },
            "id": "ce78929d-1324-dd82-5978-05c3ddf14026"
          },
          {
            "name": "whyCancel",
            "comment": "",
            "dataType": "VARCHAR(60)",
            "default": "",
            "option": {
              "autoIncrement": false,
              "primaryKey": false,
              "unique": false,
              "notNull": true
            },
            "ui": {
              "active": false,
              "pk": false,
              "fk": false,
              "pfk": false,
              "widthName": 64,
              "widthComment": 60,
              "widthDataType": 83,
              "widthDefault": 60
            },
            "id": "966f0323-af84-6272-4c39-8ce1566b4040"
          },
          {
            "name": "orderlist_no",
            "comment": "AUTO_Increment",
            "dataType": "INT",
            "default": "",
            "option": {
              "autoIncrement": false,
              "primaryKey": false,
              "unique": true,
              "notNull": true
            },
            "ui": {
              "active": false,
              "pk": false,
              "fk": true,
              "pfk": false,
              "widthName": 71,
              "widthComment": 101,
              "widthDataType": 60,
              "widthDefault": 60
            },
            "id": "84534f14-cd7e-3db0-87fe-18695bc4b98a"
          }
        ],
        "ui": {
          "active": false,
          "left": 1136.6000000000047,
          "top": 112,
          "zIndex": 907,
          "widthName": 78,
          "widthComment": 60
        },
        "id": "55b395ea-253c-9655-9d5b-1cc0fa96878b"
      },
      {
        "name": "order_menu",
        "comment": "",
        "columns": [
          {
            "name": "no",
            "comment": "",
            "dataType": "int",
            "default": "",
            "option": {
              "autoIncrement": true,
              "primaryKey": true,
              "unique": false,
              "notNull": true
            },
            "ui": {
              "active": false,
              "pk": true,
              "fk": false,
              "pfk": false,
              "widthName": 60,
              "widthComment": 60,
              "widthDataType": 60,
              "widthDefault": 60
            },
            "id": "894fb696-69c3-889e-4314-23855acdd3bc"
          },
          {
            "name": "orderlist_No",
            "comment": "AUTO_Increment",
            "dataType": "INT",
            "default": "",
            "option": {
              "autoIncrement": false,
              "primaryKey": false,
              "unique": false,
              "notNull": true
            },
            "ui": {
              "active": false,
              "pk": false,
              "fk": true,
              "pfk": false,
              "widthName": 74,
              "widthComment": 101,
              "widthDataType": 60,
              "widthDefault": 60
            },
            "id": "8cbee745-f4b5-b3f2-bc56-554fb4fe8a9b"
          },
          {
            "name": "menu_No",
            "comment": "",
            "dataType": "INT",
            "default": "",
            "option": {
              "autoIncrement": false,
              "primaryKey": false,
              "unique": false,
              "notNull": true
            },
            "ui": {
              "active": false,
              "pk": false,
              "fk": true,
              "pfk": false,
              "widthName": 60,
              "widthComment": 60,
              "widthDataType": 60,
              "widthDefault": 60
            },
            "id": "097d6ad1-6a0d-5c53-b925-92a241ab846b"
          },
          {
            "name": "count",
            "comment": "",
            "dataType": "INT",
            "default": "",
            "option": {
              "autoIncrement": false,
              "primaryKey": false,
              "unique": false,
              "notNull": true
            },
            "ui": {
              "active": false,
              "pk": false,
              "fk": false,
              "pfk": false,
              "widthName": 60,
              "widthComment": 60,
              "widthDataType": 60,
              "widthDefault": 60
            },
            "id": "293b65d3-a3ab-ea0f-357e-c4bb571c8dc6"
          }
        ],
        "ui": {
          "active": false,
          "left": 1250.1999999999987,
          "top": 426.0000000000004,
          "zIndex": 908,
          "widthName": 73,
          "widthComment": 60
        },
        "id": "b66f7145-0207-c356-6417-a2e3d3f9d3e1"
      }
    ]
  },
  "memo": {
    "memos": []
  },
  "relationship": {
    "relationships": [
      {
        "identification": false,
        "start": {
          "tableId": "29e2545d-3436-9b4a-cc2d-32f692fd7045",
          "columnIds": [
            "4d3b6f5f-9f16-3871-c1da-14a4ec5346bc"
          ],
          "x": 424.0000000000001,
          "y": 398.2249999999997,
          "direction": "right"
        },
        "end": {
          "tableId": "d28119d1-30cc-31f9-3fdd-63ce10500b47",
          "columnIds": [
            "ca4bc7da-98fa-55df-fb9d-2337c8d1a9c7"
          ],
          "x": 775.0000000000033,
          "y": 338.22499999999866,
          "direction": "left"
        },
        "id": "05f45163-a291-0cdb-c707-6f6fca9213b6",
        "relationshipType": "ZeroOneN"
      },
      {
        "identification": false,
        "start": {
          "tableId": "2e6bd3ac-2f64-7bf8-4ab8-b6a22400f19c",
          "columnIds": [
            "9245225e-871e-79fa-a47c-e1fc8297a33b"
          ],
          "x": 446.40000000000003,
          "y": 936.4666666666656,
          "direction": "right"
        },
        "end": {
          "tableId": "ecdfc8d1-fcdb-f780-e773-4afd021128b1",
          "columnIds": [
            "83cacf61-8ae0-a0f2-1eda-64702a2c0eb8"
          ],
          "x": 780.800000000002,
          "y": 944.3999999999984,
          "direction": "left"
        },
        "id": "df35cde2-c38e-d289-b0da-d8267506608e",
        "relationshipType": "ZeroOneN"
      },
      {
        "identification": false,
        "start": {
          "tableId": "2e6bd3ac-2f64-7bf8-4ab8-b6a22400f19c",
          "columnIds": [
            "9245225e-871e-79fa-a47c-e1fc8297a33b"
          ],
          "x": 446.40000000000003,
          "y": 699.1333333333323,
          "direction": "right"
        },
        "end": {
          "tableId": "d28119d1-30cc-31f9-3fdd-63ce10500b47",
          "columnIds": [
            "1932b39a-289a-bf98-781f-412757a87e5b"
          ],
          "x": 775.0000000000033,
          "y": 485.47499999999866,
          "direction": "left"
        },
        "id": "f45d5c29-4929-da60-02d3-7a57bff176f4",
        "relationshipType": "ZeroOneN"
      },
      {
        "identification": false,
        "start": {
          "tableId": "d28119d1-30cc-31f9-3fdd-63ce10500b47",
          "columnIds": [
            "6c1f5541-0358-9de7-e450-16e798cad3b1"
          ],
          "x": 963.5000000000033,
          "y": 264.59999999999866,
          "direction": "top"
        },
        "end": {
          "tableId": "55b395ea-253c-9655-9d5b-1cc0fa96878b",
          "columnIds": [
            "84534f14-cd7e-3db0-87fe-18695bc4b98a"
          ],
          "x": 1136.6000000000047,
          "y": 177.25,
          "direction": "left"
        },
        "id": "484aa081-10cd-8e38-a476-27ae57e3e932",
        "relationshipType": "ZeroOneN"
      },
      {
        "identification": false,
        "start": {
          "tableId": "2e6bd3ac-2f64-7bf8-4ab8-b6a22400f19c",
          "columnIds": [
            "9245225e-871e-79fa-a47c-e1fc8297a33b"
          ],
          "x": 446.40000000000003,
          "y": 817.7999999999989,
          "direction": "right"
        },
        "end": {
          "tableId": "5e83a96f-a1f4-fe36-60f0-9fb6c2385db6",
          "columnIds": [
            "2baf645e-31ae-3d24-dbd3-cb4c8ba56260"
          ],
          "x": 781.1999999999989,
          "y": 682.2500000000034,
          "direction": "left"
        },
        "id": "b250cd72-6378-e63f-a32a-2b70edb0acb8",
        "relationshipType": "ZeroOneN"
      },
      {
        "identification": false,
        "start": {
          "tableId": "29e2545d-3436-9b4a-cc2d-32f692fd7045",
          "columnIds": [
            "4d3b6f5f-9f16-3871-c1da-14a4ec5346bc"
          ],
          "x": 424.0000000000001,
          "y": 545.4749999999997,
          "direction": "right"
        },
        "end": {
          "tableId": "ecdfc8d1-fcdb-f780-e773-4afd021128b1",
          "columnIds": [
            "3aac0229-f0d9-c886-df02-e2d207cd28bb"
          ],
          "x": 780.800000000002,
          "y": 848.3999999999984,
          "direction": "left"
        },
        "id": "2fa32b7d-1fba-f67d-f041-c83a8bf72c76",
        "relationshipType": "ZeroOneN"
      },
      {
        "identification": false,
        "start": {
          "tableId": "d28119d1-30cc-31f9-3fdd-63ce10500b47",
          "columnIds": [
            "6c1f5541-0358-9de7-e450-16e798cad3b1"
          ],
          "x": 1152.0000000000032,
          "y": 411.84999999999866,
          "direction": "right"
        },
        "end": {
          "tableId": "b66f7145-0207-c356-6417-a2e3d3f9d3e1",
          "columnIds": [
            "8cbee745-f4b5-b3f2-bc56-554fb4fe8a9b"
          ],
          "x": 1250.1999999999987,
          "y": 463.7500000000004,
          "direction": "left"
        },
        "id": "cbc5b3f2-e201-5d68-5d17-b51536f0b0d5",
        "relationshipType": "OneN"
      },
      {
        "identification": false,
        "start": {
          "tableId": "5e83a96f-a1f4-fe36-60f0-9fb6c2385db6",
          "columnIds": [
            "b9bb7e07-841b-e024-1f2a-8881727d8b1c"
          ],
          "x": 1168.199999999999,
          "y": 682.2500000000034,
          "direction": "right"
        },
        "end": {
          "tableId": "b66f7145-0207-c356-6417-a2e3d3f9d3e1",
          "columnIds": [
            "097d6ad1-6a0d-5c53-b925-92a241ab846b"
          ],
          "x": 1250.1999999999987,
          "y": 539.2500000000005,
          "direction": "left"
        },
        "id": "d9d9e9e8-b2a7-8b22-367c-2f58c6914556",
        "relationshipType": "N"
      }
    ]
  }
}